CODCAR;CODVIA;NOMCAR
8700;CA;A
15;CA;A.CREUS 'LO PACHECO'
8590;CA;ABAT ESCARRE
5620;CA;ACACIA
20;CA;ACADEMIA
2930;CA;AGELET I GARRIGA
40;CA;AGER
25;CA;AGRAMUNT
55;CA;AGUSTI DURAN I SANPERE
85;PG;AGUSTI DURAN I SANPERE
50;CA;AGUSTINS
75;PL;AIGUA
45;CA;AIGUES TORTES
53;AV;ALACANT
70;CA;ALAMUS
60;CA;ALANDIR
8852;CA;ALBAGES
4421;CA;ALBAREDA - LLIVIA
5530;AV;ALBARES
480;PD;ALBARES
5180;CA;ALBERT COMA I ESTADELLA
5225;CA;ALBERT PORQUERAS
90;CA;ALCALDE COSTA
95;JA;ALCALDE ESTADELLA
100;CA;ALCALDE FUSTER
110;CA;ALCALDE MESTRE
120;PQ;ALCALDE PONS
130;AV;ALCALDE PORQUERAS
140;AV;ALCALDE PUJOL
160;AV;ALCALDE ROVIRA ROURE
170;CA;ALCALDE SOL
1950;CA;ALCALDE VIVES
1955;CA;ALCANO
5785;CA;ALCARRAS
5610;CA;ALENTORN
8935;CA;ALFARRAS
190;CA;ALFES
200;CA;ALFONS II
2200;CA;ALFRED PEREÑA
210;CA;ALGERRI
215;CA;ALGUAIRE
225;CA;ALMACELLES
5725;CA;ALMENAR
245;CA;ALMERIA
221;CA;ALMIRALL FOLCH
230;CA;ALMODI VELL
255;PL;ALMUDEFAR - LLIVIA
240;PD;ALPICAT
260;CA;ALSAMORA
7630;CA;ALTA - SUCHS
2240;CA;AMBAIXADOR ESPENS
270;CA;AMICS DE LLEIDA
271;PL;AMICS DE LLEIDA
265;CA;AMICS DEL FFCC
272;PL;AMISTAT
275;AV;AMPOSTA
285;CA;AMSTERDAM
290;CA;ANASTASI PINOS
2085;PL;ANDALUCIA
2090;CA;ANDREU D'ESPENS
2490;CA;ANETO
295;CA;ANGEL MONCUSI
440;CA;ANOIA
305;CA;ANSELM CHARLES
300;CA;ANSELM CLAVE
8605;CA;ANTIC CAMI DEL MURRI
310;CA;ANTONI AGUSTI
315;CA;ANTONI BERGOS I MASSO
325;CA;ANTONI BLAVIA
335;CA;ANTONI CANTANO
5125;CA;ANTONI GUIX I RIBELLES
320;CA;ANTONI SOLE
4422;CA;ANTONI VILAPLANA - LLIVIA
330;CA;APOSTOL SANT JAUME
340;RA;ARAGO
6345;CA;ARAGO - RAIMAT
350;CA;ARAJOL
365;CA;ARBECA
360;CA;ARBOLO
8615;CA;ARBORETUM
380;CA;ARC DEL PONT
385;CA;ARGENTINA
390;CA;ARIBAU
395;PL;ARMATS DE LA SANG
400;CA;ARNALD DE SOLSONA
510;CA;ARQUITECTE BERGOS
520;CA;ARQUITECTE CAMPMANY
530;CA;ARQUITECTE CASES
535;CA;ARQUITECTE CELLES
405;CA;ARQUITECTE DOMENECH I TORRES
505;CA;ARQUITECTE FLORENSA
420;CA;ARQUITECTE GAUDI
500;CA;ARQUITECTE GOMA
550;CA;ARQUITECTE IGNASI MIQUEL
525;CA;ARQUITECTE LAMARCA
415;CA;ARQUITECTE MORERA I GATELL
515;CA;ARQUITECTE PORQUERAS
540;CA;ARQUITECTE VILLALONGA
430;AV;ARTESA
445;CA;ARTUR MOR
455;CA;ARTUR VIVES
7233;CA;ASPA
450;CA;ASSALT
470;CA;ASSUMPCIO
460;PD;ASTO
8863;CA;ASTURIES
5235;CA;AUGUST FONT
8205;AV;AURELIA PIJOAN
8625;PL;AUREMBIAIX D'URGELL
5625;CA;AVET
3750;GR;AVINGUDA DE MADRID
8701;CA;B
580;CA;BAFART
590;CA;BAIXADA DE L'AUDIENCIA
1190;CA;BAIXADA DE LA TRINITAT
5715;CA;BALADRE
595;AV;BALAFIA
600;PD;BALAFIA
605;PL;BALAFIA
610;CA;BALAGUER
635;ZO;BALCO DELS CASTELLERS
5185;CA;BALDOMER GILI I ROIG
630;CA;BALLESTER
620;AV;BALMES
2910;GL;BALTASAR GRACIAN
640;CA;BARBASTRO
650;AV;BARCELONA
655;CT;BARCELONA
656;PL;BARCELONA
680;CA;BARO D'EROLES
670;CA;BARO DE CASA FLEIX
690;CA;BARO DE MAIALS
695;PG;BARQUES DEL TOFOL
4405;PL;BAULIES
1310;CA;BEAT FRANCESC CASTELLO ALEU
700;CA;BEATA JORNET
710;CA;BELLAVISTA
725;CA;BENABARRE
740;CA;BENVINGUDA
730;CA;BERENGUER PRENAFETA
4280;CA;BICIBERRI
750;CA;BINEFAR
5390;CA;BISBE
5400;CA;BISBE GALINDO
5420;CA;BISBE IRURITA
5430;CA;BISBE MESSEGUER
5440;CA;BISBE RUANO
5450;CA;BISBE TORRES
1820;CA;BLANQUERS
1830;PL;BLAS INFANTE
8324;PL;BLAT
760;AV;BLONDEL
770;CA;BOBALA
8317;CA;BOIRA
785;CM;BOIXADORS
780;PD;BOIXADORS
8135;CA;BOMBERS
920;CA;BON PASTOR
790;CA;BONAIRE
800;CA;BONIFACI VIII
810;CA;BOQUE
820;PL;BORES
830;CA;BORGES BLANQUES
840;CA;BORRAS
850;PG;BOTANIC BLET
860;CA;BOTERA
870;CA;BOTERS
7650;CA;BOU - SUCHS
880;CA;BOVA
890;PD;BOVA
930;CA;BOVERA
915;CA;BRASIL
2394;CA;BRIDA
900;CA;BRUC
910;TR;BRUC
1045;CM;BUROT
940;PD;BUTSENIT
8702;CA;C
945;PG;CACERES
955;PG;CADIZ
5545;CA;CAL BERNET
7675;CA;CALANDRIA - SUCHS
970;CA;CALDERERIES
980;CA;CALIXTE III
8215;CA;CAMBRILS
1000;CA;CAMI DE CORBINS
1010;CA;CAMI DE GRANYANA
1020;CA;CAMI DE MARIMUNT
1040;CA;CAMI DE PICOS
1041;TR;CAMI DE PICOS
4436;CA;CAMI DEL NORD - LLIVIA
4743;CA;CAMI TORRE BLANCA
1050;CA;CAMI VELL D'ALBATARREC
1090;CA;CAMP
2890;CA;CAMP DE MART
1100;PD;CAMP-RODO
1060;CA;CAMPAMENT
1080;CA;CAMPINYA
1110;CA;CANAL
6355;CA;CANAL - RAIMAT
2390;MD;CANDI VILAFAÑE
1120;PD;CANET
2640;CA;CANIGO
1130;CA;CANONGE BRUGULAT
1150;CA;CANONGE GONZALEZ
1125;CA;CANTABRIA
1160;PD;CAPARRELLA
1175;PG;CAPITA FARRE
1210;CA;CAPPONT
1211;PL;CAPPONT
1220;CA;CARDENAL CISNEROS
1230;CA;CARDENAL REMOLINS
1240;TR;CARDENAL REMOLINS
1243;CA;CARESMAR - LLIVIA
5350;CA;CARLES FONTSERE
1260;CA;CARME
1270;TR;CARME
7665;TR;CARME - SUCHS
1295;JA;CARME AMAYA
5525;CA;CARME LAFORET
1275;CA;CARMELITES
7660;CA;CARMEN - SUCHS
1280;CA;CARNICERIES
8175;TR;CARRER DE LA PLATERIA
1285;CA;CARRERO - SUCHS
1290;CA;CARTOIXA TELM
7670;CA;CASA GRAN,EFA - SUCHS
1300;CA;CASAGUALDA
8260;PL;CASES REGIONALS
1165;CA;CASIMIR VILA
5695;CA;CASTANYER
6365;CA;CASTELL - RAIMAT
1307;CA;CASTELL D'ARANYO
1303;CA;CASTELL D'ARBECA
1302;CA;CASTELL DE FARFANYA
1309;CA;CASTELL DE GARDENY
1306;CA;CASTELL DE MALDA
5360;CA;CASTELL DE MONTCLAR
1304;CA;CASTELL DE MUR
1305;CA;CASTELL DE RIBELLES
1308;CA;CASTELL DE VERDU
1301;CA;CASTELL FORMOS
250;CA;CASTELLA
251;PL;CASTELLA
3680;CA;CASTELLDANS
5335;CA;CATALPA
1330;AV;CATALUNYA
1340;PL;CATEDRAL
1345;PL;CATERINA ALBERT
950;CA;CAVALLERS
8295;CA;CELESTI POL
1360;CA;CENTRE
1372;PD;CERDERA ALTA
1374;PD;CERDERA BAIXA
1370;PL;CERVANTES
1380;CA;CERVERA
1390;CA;CERVIA
8255;AV;CHARLES DARWIN
1400;CA;CID
1520;CA;CIUTADELLA
1500;CA;CIUTAT DE FRAGA
1510;CA;CIUTAT DE TARREGA
5595;AV;CIUTAT JARDI
4423;CA;CLADELLERS - LLIVIA
1535;PL;CLARA CAMPOAMOR
1530;CA;CLAVELL
1540;CA;CLOT DE LES MONGES
1550;CA;COBATILLAS ALTAS
1566;PD;COGULLADA TERMINO
1570;CA;COL.LEGI
1575;CA;COLOMBIA
1610;CA;COMERÇ
1620;CA;COMPANYIA
1640;CA;COMTE DE RUEDA
1660;CA;COMTE DE VINATESA
1670;CA;COMTES D'URGELL
1680;CA;COMTESSA ELVIRA
3220;CA;CONCA DE BARBERA
4940;CA;CONCORDIA
1685;PL;CONSTITUCIO
5565;CA;COPA D'OR
1690;PD;COPA D'OR
1695;CT;CORBINS
6950;CA;CORDOBA
1700;CA;CORREGIDOR ESCOFET
1710;CA;CORREGO
1720;CA;CORREU VELL
2020;CA;CORTS CATALANES
1730;CA;COS-GAYON
1790;CA;COSTA DEL JAN
7610;CA;COSTA DELS MAGRANERS
1800;CA;COSTA MAGDALENA
1560;CA;COTXERA
1565;TR;COTXERA
1738;CA;CREU BASELLA - LLIVIA
1740;CA;CRISTOFOL DE BOLEDA
1750;CA;CRONISTA MUNTANER
1405;CA;CUENCA
8326;PQ;CUIRASSA
1810;PD;CUNILLAS
8703;CA;D
8825;CA;D'HENRI DUNANT
1930;CA;DANIEL
8081;CA;DARRERA SEMINARI
1940;CA;DAUNOIS
8820;PL;DE L'HORT DE SANTA TERESA
1995;CA;DE LA CERDERA
4295;CA;DE LA COMA DE SANTA FE -LLIVIA
6432;PL;DE LA VEREMA - RAIMAT
5190;PL;DE LA VINYA - RAIMAT
8365;PL;DE LES VALLS
6436;CA;DEL CABERNET - RAIMAT
1945;CA;DEL CANYERET
6440;CA;DEL CHARDONAY - RAIMAT
6442;CA;DEL MACABEU - RAIMAT
6438;CA;DEL MERLOT - RAIMAT
6375;CA;DEL NORD - RAIMAT
6434;CA;DEL PARELLADA - RAIMAT
6444;CA;DEL TEMPRANILLO - RAIMAT
8815;PL;DEL 8 DE MARÇ
7635;AV;DEL 8 DE MARÇ - SUCHS
8090;PL;DELS FANALETS DE S. JAUME
1760;PL;DELS GRAMATICS
1765;CA;DELS PINS
7745;CA;DELS PINS - SUCHS
6820;CA;DEMOCRACIA
1970;CA;DESCALÇOS
1971;TR;DESCALÇOS
1960;PL;DIPOSIT
4425;CA;DIPOSITS - LLIVIA
6425;DI;DISSEMINAT - RAIMAT
7705;DI;DISSEMINAT - SUCHS
2046;CA;DOCTOR BIOSCA
2010;CA;DOCTOR CAMBRODI
2030;CA;DOCTOR COMBELLES
2035;PG;DOCTOR COMBELLES
2045;CA;DOCTOR ESTOPA
2040;AV;DOCTOR FLEMING
2015;CA;DOCTOR JAUME MELCIOR
2025;CA;DOCTOR RAMON PIGEM
8885;CA;DOCTOR TRUETA
2056;CA;DOCTOR ZAMMENHOFF
2060;CA;DOCTORA CASTELLS
8195;CA;DOCTORA DOLORS ALEU
2070;CA;DOLORS
6910;CA;DOLORS 'LOLIN' SABATE
2125;PL;DOLORS PIERA
8906;CA;DOLORS SISTAC
2080;CA;DOMENEC DE MIGUEL
2145;PL;DONA TREBALLADORA DE MAGRANERS
2095;PL;DRETS HUMANS
2075;CA;DUKE ELLINGTON
8704;CA;E
2110;CA;E.PUBILL 'LO PARRANO'
2100;PL;EDIL SATURNINO
8322;CA;EDITH PIAF
2207;CA;EDUARD TOLDRA
2210;CA;EDUARD VELASCO
3260;CA;EL BAGES
6520;CA;EL BERGUEDA
6125;PD;EL BOU
5735;CA;EL COGUL
6126;PD;EL FONS
6650;CA;EL MONTSIA
6060;CA;EL PENEDES
3180;CA;EL PRIORAT
6250;CA;EL RIPOLLES
7970;CA;EL VALLES
3580;CA;ELENA PAMIES
8145;PL;ELISENDA DE MONTCADA
2065;CA;ELS BEATLES
4300;CA;ELS ERALS
7690;CA;ELS HORTS - SUCHS
7685;TR;ELS HORTS - SUCHS
4320;CA;ELS RAMS
8265;PL;EMILI SUBIAS
280;PG;EMPORDA
6335;CA;EMPORDA - RAIMAT
2250;PD;EMPRESEGUERA
2120;PL;ENCARNA LOPEZ
3565;CA;ENGINYER ANTONI LLOBET
3500;CA;ENGINYER CELLERS
8953;CA;ENGINYER MIAS
8954;CA;ENGINYER PABLO AGUSTIN
3560;CA;ENGINYER SANTI COMPANYS
8620;CA;ENRIC ARDERIU
545;CA;ENRIC CROUS
8904;CA;ENRIC FARRENY
2260;CA;ENRIC GRANADOS
2130;CA;ENRIC ROCA PERALTA
7680;PD;ENTITAT DE SUCHS
2267;CA;ERA VAL D'ARAN
2270;CA;ERETA
2280;PL;ERETA
2290;CA;ERMENGOL VI
2296;JA;ERNEST LLUCH
2300;CA;ESCALES SANT LLORENÇ
2305;PL;ESCOLA
2385;CA;ESCOLA NORMAL DE LLEIDA
2310;CA;ESCOLES
7715;CA;ESCOLES - SUCHS
8286;CA;ESCOLES DE RAIMAT
8285;PS;ESCOLES DE RAIMAT
2320;CA;ESCULTOR CORSELLES
2330;CA;ESCULTOR GUALTER
6392;CA;ESGLESIA - RAIMAT
8316;PL;ESPAI DELS GEGANTS
8190;ZO;"ESPAI INFANTIL ""ROVELLO"""
2000;PL;ESPANYA
8580;CA;ESPERANÇA GONZALEZ
2335;CA;ESPIGOL
8055;CA;ESTANY D'IVARS
2315;PL;ESTEVE CUITO
2325;AV;ESTUDI GENERAL
2337;PG;ESTUDIANTS
5330;CA;EUCALIPTUS
2495;CA;EUGENI D'ORS
2505;PL;EUROPA
8940;CA;EUZKADI
2370;CA;EX CAMI D'ALPICAT
2220;AV;EXERCIT
2230;PL;EXERCIT
2380;CA;EXTREMADURA
2381;TR;EXTREMADURA
8705;CA;F
2655;PL;FEDERICA MONTSENY
2510;CA;FELIP DE SILVA
2520;PD;FEMOSA
2540;CA;FERRAN EL CATOLIC
1350;CA;FERRAN RAMBLA
220;CA;FERRARA
8120;CA;FERRO
2545;PL;FERROVIARIS
2550;AV;FLIX
2555;CA;FLOR DE LIS
2560;CA;FLORIDA
1200;CA;FOLCH I TORRES
2670;CA;FONT DE L'AIGUARDENT
8185;PL;FONT DELS TRITONS
2675;GL;FONT I QUER
2680;CA;FONT NOVA
2580;CA;FONTANELLES
2589;AV;FONTANET
2590;PD;FONTANET
8270;PL;FONTANET
2600;PD;FONTANET LO CURT
6370;CA;FORMIGO - RAIMAT
2620;CA;FRAGA
2625;PL;FRANÇA
5110;CA;FRANCESC ARGILES I BIFET
5105;CA;FRANCESC BORDALBA I MONTARDIT
3740;AV;FRANCESC MACIA
2650;CA;FRANCESC MOLI
2660;TR;FRANCESC MOLI
2645;CA;FRANCESC PORTA I VILALTA
2636;JA;FRANCESC SOLANA
2635;CA;FRANCESC SOLANA I FORTUÑO
5575;PL;FRANCESC VIADIU
5555;PL;FRANCISCO MONTALBAN
4410;PL;FRANCISCO SANJUAN
5560;CA;FRANJA DE PONENT
2665;CA;FREDERIC RIU FARRE
2830;CA;GAIROLES
2790;CA;GALERA
8860;CA;GALICIA
8830;PL;GALICIA
8250;AV;GALILEO GALILEI
2690;CA;GANDESA
8929;CA;GANDHI
2795;CA;GARCIA LORCA
2780;PQ;GARDENY
3170;CA;GARRAF
2800;AV;GARRIGUES
8325;PL;GARROTIN
2820;GR;GASPAR DE PORTOLA
2840;CA;GENERAL
2860;CA;GENERAL BRITO
3290;CA;GERMANES MIRABAL
3160;CA;GERMANETES
8907;AV;GERMANIES
3240;CA;GERMANS IZQUIERDO
3270;CA;GERMANS PIGNATELLI
3280;CA;GERMANS QUERALT
2895;CA;GINESTA
2900;CA;GIRONA
6455;CA;GOLF DE RAIMAT
2920;CA;GOVERNADOR MONCADA
2940;CA;GOYA
8321;CA;GOYESCAS
2950;CA;GRALLERA
4432;CA;GRAN - LLIVIA
2980;PS;GRAN PASSEIG RONDA
2955;CA;GRANADA
2960;CA;GRANADELLA
2970;PL;GRANADOS
3010;PD;GRANYENA
3000;PD;GREALO
4426;CA;GREALO - LLIVIA
5645;CA;GREVOL
7755;CA;GRUP ARTESANS - SUCHS
3030;CA;GUILLEM BOTET
3040;CA;GUILLEM DE BEZIERS
3050;PD;GUINDAVOLS
8706;CA;H
3310;PL;HISPANOAMERICA
180;CA;HISTORIADOR JOSEP LLADONOSA
4427;CA;HORTA - LLIVIA
3320;CA;HOSPITALERS DE SANT JOAN
3330;CA;HOSTAL DE LA BORDETA
3350;PG;HUELVA
7300;CA;HUMBERT TORRES
8707;CA;I
3450;CA;IGNASI BASTUS
3460;CA;IGUALADA
3475;PG;ILLES BALEARS
3470;CA;IMPRESSOR BOTEL
3480;CA;INDEPENDENCIA
3490;CA;INDIVIL I MANDONI
8950;AV;INDUSTRIA
3540;PL;INFANTS - SUCHS
3550;CA;IRENE SOLSONA
1170;CA;ISAAC ALBENIZ
3515;PL;ISABEL ARQUE
3510;CA;ISABEL II
3520;CA;ISERN
3530;CA;ISONA
8585;CA;IVARS D'URGELL
8708;CA;J
3570;CA;J.LUIS GONZALEZ MINGUEZ
3640;CA;JAEN
3690;CA;JARDI
3650;CA;JAUME D'AGRAMUNT
5300;PL;JAUME GORT
3660;CA;JAUME I CONQUERIDOR
3670;CA;JAUME II
3675;JA;JAUME MAGRE
3677;PL;JAUME RUBIO
3700;CA;JERONI PUJADES
5585;PL;JESUS MONCADA
3710;PD;JESUSET
1590;CA;JOAN BAGET
3775;CA;JOAN BAPTISTA XURIGUERA
1645;CA;JOAN CULLERE
1595;CA;JOAN DEL REI
8610;CA;JOAN FUSTER
3770;CA;JOAN GAVARRA
3715;CA;JOAN MIRO
3725;PQ;JOAN ORO
3685;PL;JOAN SANTAMARIA
3785;PL;JOAN VILAGRASA
3780;PL;JOAN XXIII
80;AV;JOANA RASPALL
5535;CA;JOAQUIN COSTA
3720;CA;JOC DE LA BOLA
3719;PG;JOC DE LA BOLA
5745;PQ;JOC DE LA BOLA
3810;CA;JOGLAR SEGALA
3825;CA;JORDI CORTADA
2160;CA;JORDI DAUDER
2135;CA;JORDI PLENS SOLA
3815;CA;JORDI SOLE TURA
3755;CA;JOSE OLONDRIZ OSTIZ
3745;PL;JOSEFINA BARREU
8952;CA;JOSEP BARO TRAVE
8300;CA;JOSEP BETRIU
8310;PL;JOSEP BONEU
3735;CA;JOSEP CARNER
8170;PL;JOSEP ESTADELLA
3760;CA;JOSEP FONTSERE
5345;CA;JOSEP M. ALBA
8305;CA;JOSEP M. MINGUELLA
3765;CA;JOSEP PALLACH
8570;PL;JOSEP PIÑOL
3738;CA;JOSEP PLA
3790;PL;JOSEP PRENAFETA
5120;CA;JOSEP SARRATE I FORGA
8951;CA;JOSEP SEGURA FARRE
5090;PL;JOSEP SOLANS
5100;CA;JOSEP VIOLA I GAMON
5095;PL;JOSEP WEHRLE
3800;CA;JUERIA
3820;CA;JULI CESAR
3830;CA;JUNEDA
3850;CA;JUPITER
8709;CA;K
8710;CA;L
8959;CA;L'ADUANA
4050;CA;L'ALBI
4040;CA;L'ALGUER
1630;CA;L'ENSENYANCA
8180;PL;L'ENSENYANCA
4158;PL;L'ESCORXADOR
1635;PL;L'ESPLAI
6350;CA;L'ESTACIO - RAIMAT
7695;PL;L'HORTA - SUCHS
5540;AV;LA CANADIENSE
1990;CA;LA CERDANYA
6127;PD;LA CLAMOR
4060;CA;LA CORT
4070;PD;LA CORT
4075;CA;LA CORUÑA
4080;CA;LA CREU
4170;CA;LA CREU DEL BATLLE
7735;CA;LA FONT - SUCHS
8956;CA;LA FORNAL
8957;CA;LA FUSTA
3250;CA;LA GARROTXA
4429;CA;LA GRALLERA - LLIVIA
3255;CA;LA LLUM
4030;CA;LA MANCHA
4875;RA;LA MERCE
4090;CA;LA MESQUITA
8958;CA;LA MINERIA
370;CA;LA NOGUERA
4100;CA;LA PALMA
5710;CA;LA PALOMA
4110;CA;LA PARRA
4130;GR;LA PAU
4120;PL;LA PAU
7700;JA;LA PAU - SUCHS
4431;CA;LA PAZ - LLIVIA
5971;PD;LA PLANA
5975;PD;LA PLANA - SUCHS
4145;CA;LA PORTELLA
10;CA;LA RIOJA
4020;PL;LA RIOJA
4140;PL;LA SAL
2630;CA;LA SELVA
8955;CA;LA SIDERURGIA
4150;CA;LA SUDA
4152;CA;LAMARCA
4154;GR;LANDELINO LAVILLA
4157;CA;LAS ALPUJARRAS
4225;CA;LAUREA FIGUEROLA
4275;CA;LEANDRE CRISTOFOL
4260;CA;LERIDA
4285;CA;LES AVELLANES
4160;PQ;LES BASSES
4165;CA;LES CANALS
4282;PD;LES CANALS
5195;JA;LES MAGNOLIES
6390;CA;LES MONGES - RAIMAT
4180;CA;LES PASSADORES
4200;CA;LES ROSES
1600;CA;LLIBERTAT
4290;CA;LLITERA
4420;PD;LLIVIA
4440;CA;LLOPIS
8960;CA;LLORENÇ AGUSTI CLAVERIA
5315;CA;LLORER
4270;CA;LLORERS
4460;CA;LLUIS BESA
8390;CA;LLUIS COMPANYS
8010;CA;LLUIS MILLET
4470;CA;LLUIS ROCA
8319;CA;LLUNA
5580;PL;LO MARRACO
4450;CA;LUDOVICUS PIUS
8711;CA;M
4455;CA;M.CARRASCO FORMIGUERA
4590;AV;MADRID
4610;CA;MAGDALENA
4620;CA;MAGI MORERA
2150;PL;MAGRANA
8320;CA;MAHALTA
4830;CA;MAIALS
4840;CA;MAJOR
6380;CA;MAJOR - RAIMAT
6446;PL;MAJOR - RAIMAT
7720;CA;MAJOR - SUCHS
7725;PL;MAJOR - SUCHS
7726;TR;MAJOR - SUCHS
4845;PG;MALAGA
4630;PD;MALGOVERN
5135;CA;MANRESA
2155;CA;MANUEL CARBELO GONZALEZ
6670;CA;MANUEL DE FALLA
4660;CA;MANUEL DE MONTSUAR
4635;CA;MANUEL DE PEDROLO
4670;CA;MANUEL DEL PALACIO
4640;CA;MANUEL FLORENSA
4675;CA;MANUEL GAYA I TOMAS
4678;PL;MANUEL GIRO
8280;PS;MANUEL RAVENTOS
4641;PG;MANUEL SEBASTIAN
4680;CA;MARAGALL
4700;CA;MARANYOSA
4580;CA;MARE DOLCET
7265;PL;MARE SANTA CLARA
5365;CA;MARGARIDA XIRGU
4705;PL;MARIA AURELIA CAPMANY
1795;JA;MARIA MERCE MARÇAL
5520;CA;MARIA MONTESSORI
8840;PL;MARIA ROSELL
8835;PL;MARIA RÚBIES I GARROFÉ
4710;CA;MARIA SAURET
8323;CA;MARIA TERSA
4715;CA;MARIA VILALTELLA
5515;CA;MARIE CURIE
4725;AV;MARIMUNT
4720;PD;MARIMUNT
4433;CA;MARINADA - LLIVIA
4730;CA;MARIOLA
6260;GR;MARIOLA
4741;PD;MARIOLA
4740;FA;MARIOLA-FALDA GARDENY
4755;PL;MARIUS CARRETERO
4750;CA;MARIUS TORRES
5746;PQ;MARIUS TORRES
4760;CA;MARQUES DE LEGANES
4780;CA;MART
5590;PL;MARTA MATA
4790;CA;MARTI GRALLA
4810;CA;MARTOS
5675;CA;MELIA
4880;CA;MENARGUENS
4870;CA;MEQUINENSA
4885;JA;MERCE RODOREDA
7805;CA;MERCURI
7710;CA;MESTRE - SUCHS
4690;CA;MESTRE EMILI PUJOL
4600;CA;MESTRE JOAN D'AVILA
4605;PL;MESTRE SERRA
8908;CA;MESTRE TONET
4850;CA;METGE ABIATAR
4860;CA;METGE MERCE
4742;CA;MIG CAMI
7730;CA;MIGDIA - SUCHS
4925;PL;MIGUEL SERVET
4890;PG;MIQUEL ARAGONES
4895;AV;MIQUEL BATLLORI
4905;PL;MIQUEL COSTA ORTEGA
4900;CA;MIQUEL DE CORTIADA
4910;PG;MIQUEL FARGAS
4915;CA;MIQUEL HERNANDEZ
8140;PL;MIQUEL ROIG
4920;CA;MIQUEL SERRA
4930;PL;MISSIONS
5570;PL;MOLI DE SANT ANASTASI
4950;CA;MOLLERUSSA
4968;CA;MONESTIR D'AVINGANYA
4967;CA;MONESTIR DE GERRI
4969;CA;MONESTIR DE GUALTER
4966;CA;MONESTIR DE LES AVELLANES
4955;CA;MONESTIR DE LES FRANQUESES
4956;CA;MONESTIR DE POBLET
4965;CA;MONESTIR DE VALLBONA
4970;CA;MONGES
4975;GR;MONTALBAN - MAGRANERS
4960;PD;MONTCADA
2850;CA;MONTERREY
4990;CA;MONTPELLIER
4961;CA;MONTSERRAT ROIG
4980;CA;MONZON
4995;PL;MORAL-JURADO
5000;PD;MOREDILLA TERMINO
5685;CA;MORERA
5010;CA;MORISCOT
5020;CA;MOSSEN AMIC
8290;PL;MOSSEN ANTONI RUBIELLA
5030;PL;MOSSEN J.VERDAGUER
5040;CA;MOSSEN PELEGRI
5050;CA;MOSSEN REIG
5060;CA;MOSSEN SALVADOR
5070;CA;MOSSEN SOLE
5065;CA;MOSTAIN - LLIVIA
5080;CA;MURCIA
4820;CA;MUSIC VIVALDI
8712;CA;N
2050;CA;NADAL MEROLES
7390;CA;NARCIS MONTURIOL
5210;AV;NAVARRA
7771;CA;NAVARRA - SUCHS
5220;CA;NEPTU
165;CA;NEUS CATALA
5230;PL;NOGUEROLA
5240;CA;NOLIUS
5410;CA;NORD
7795;CA;NORD - SUCHS
5260;CA;NOSTRA SRA DEL CARME
5270;CA;NOSTRA SRA DEL MIG ARAN
5250;CA;NOSTRA SRA DELS ANGELS
5280;CA;NOU
4434;PL;NOVA - LLIVIA
8713;CA;O
5460;CA;OBRADORS
5470;CA;ODON FONOLL
5480;CA;OLIVER
5705;CA;OLIVERA
6128;PD;OLIVERAR
5490;GR;ONESIMO REDONDO
5500;CA;ONOFRE CERVERO
5505;PS;ONZE DE SETEMBRE
4437;CA;ORENETES - LLIVIA
8080;CA;ORFEO LLEIDATA
4445;CA;ORIOL MARTORELL
5510;PL;ORVEPARD
3340;CA;OSCA
8714;CA;P
5130;PL;PAÏSOS CATALANS
5215;PL;PABLO IGLESIAS
5660;CA;PAER CASANOVAS
5670;CA;PAER RUFES
5680;PL;PAERIA
7655;PL;PAGESIA - SUCHS
8396;PL;PAGESOS
5690;CA;PALAU
5700;CA;PALAUET
5720;CA;PALLARS
5730;CA;PANERA
5740;PL;PANERA
5780;CA;PARC
7740;CA;PARC - SUCHS
8275;PL;PARC DE L'AVENTURA - LLIVIA
4424;CA;PARDALS - LLIVIA
5750;PD;PARDINYES ALTES
5760;CA;PARDINYES BAIXES
5771;PD;PARDINYES BAIXES
5770;PG;PARDINYES BAIXES
5775;CA;PARE GABERNET
5650;PL;PARE NADAL
5655;CA;PARE PALAU
7365;PL;PARE SANAHUJA
1140;CA;PARE SOLER
4435;CA;PARTIDORS - LLIVIA
5765;CA;PASCUAL MADOZ - LLIVIA
8155;;PASSAREL·LA CAMPS ELISIS
8125;;PASSAREL·LA CIUTAT JARDI
2430;;PASSAREL·LA DEL TOFOL
2425;;PASSAREL·LA DELS FERROVIARIS
2420;;PASSAREL·LA LICEU ESCOLAR
8150;;PASSAREL·LA MARISTES
5805;PL;PATI DE LES COMEDIES
5790;PL;PATI DE MIQUELO
5795;PL;PAU CASALS
5630;CA;PAU CLARIS
5800;AV;PEARSON
6129;PD;PEDROS
5840;PD;PEIXA SOM.MES
6410;CA;PENEDES - RAIMAT
5380;CA;PEPITA CALVET
5375;PL;PEPITA CERVERA
5370;PL;PEPITA REIMUNDI
5825;CA;PEPITA SAGAÑOLES
5340;CA;PEPITA URIZ
5850;CA;PERALTA
5810;CA;PERE CAVASEQUIA
5815;CA;PERE DE CABRERA
5820;CA;PERE DE COMA
5830;CA;PERE DE SANT CLIMENT
8916;CA;PERIODISTA TRAPA
5835;CA;PERPINYA
990;CA;PI I MARGALL
5640;CA;PICA D'ESTATS
5860;CA;PICABAIX
8897;CA;PICASSO
5615;CA;PILAR FELIP
6420;CA;PINS - RAIMAT
5665;CA;PINTOR ALBERT VIVES
5635;CA;PINTOR BENSENY
5870;CA;PINTOR FERRER
5875;CA;PINTOR GARCIA LAMOLLA
5880;CA;PINTOR MORERA I GALICIA
7990;CA;PINTOR XAVIER GOSE
5915;AV;PINYANA
5900;CA;PIRINEUS
5890;AV;PIUS XII
660;GR;PLA
4400;AV;PLA D'URGELL
5905;PD;PLA DE CERDERA
5910;PD;PLA DE LLEIDA
5920;PD;PLA DE MONSO
5925;PD;PLA DE RAIMAT
935;CA;PLA DE SANTA MARIA
5960;PD;PLANA DE GENSANA
5970;PD;PLANA DEL BISBE
5980;CA;PLATERIA
5990;CA;PLEYAN DE PORTA
7815;CA;PLUTO
5995;CA;POBLA DE SEGUR
6000;CA;POCURULL
6011;PO;POL.INDUST. CAMI DELS FRARES
6013;PO;POL.INDUST. CREU DEL BATLLE
6010;PO;POL.INDUST. EL SEGRE
6014;PO;POL.INDUST. LES CANALS
6016;PO;POL.INDUST. LLEIDA PARK
6012;PO;POL.INDUST. MECANOVA
6015;PO;POL.INDUST. NEOPARK
6385;GR;POLVORIN - RAIMAT
6020;PG;POMPEU
6025;JA;POMPEU FABRA
7780;CA;PONENT - SUCHS
7785;TR;PONENT - SUCHS
2410;;PONT DE LA UNIVERSITAT
2415;;PONT DE PARDINYES
6005;CA;PONT DE SUERT
8130;;PONT JOC DE LA BOLA
2405;;PONT NOU
8160;;PONT PRINCEP DE VIANA
2400;;PONT VELL
6030;CA;PONTS
2870;AV;PRAT DE LA RIBA
6040;CA;PREMIA DE MAR
6050;PG;PREMSA
4805;AV;PRESIDENT JOSEP IRLA
4800;AV;PRESIDENT TARRADELLAS
6090;CA;PRINCEP DE VIANA
6100;PG;PRINCEP DE VIANA
6080;GR;PRINCEP JOAN CARLES
6430;CA;PRIORAT - RAIMAT
3230;CA;PROGRES
6110;CA;PRUDENCIO MURILLO
6120;CA;PUIGVERD
8715;CA;Q
6330;CA;QUATRE DE FEBRER - RAIMAT
1770;CA;QUATRE PILANS
1780;PD;QUATRE PILANS
8716;RO;R
8575;CA;RAFAEL ALBERTI
1785;CA;RAFAEL GRAS I D'ESTEVA
6325;CA;RAIMAT
6270;CA;RAMON ARGILES
6280;PL;RAMON BERENGUER IV
6290;CA;RAMON CASTEJON
2360;CA;RAMON LLULL
6265;CA;RAMON RAMOS ALVAREZ
6266;PL;RAMON RAMOS ALVAREZ
6305;CA;RAMON ROURE I CODOÑER
5550;CA;RAMON RUBIAL
6300;CA;RAMON SOLDEVILA
6310;CA;RAMON Y CAJAL
1180;PG;RAMON Y CAJAL
6320;CA;RASTRO
6485;PL;RECTOR DE VALLFOGONA
2393;CA;REGUERO
6550;CA;REI
6480;CA;REIAL
6500;CA;REJOLAR
6555;CA;REPUBLICA ARGENTINA
6540;CA;REPUBLICA DEL PARAGUAI
6545;CA;REUS
2391;CA;RIBOT
5115;CA;RICARD CALVET I SERRA
6560;PL;RICARD VIÑES
6600;CA;RIQUER
6570;CA;RIU
8866;CA;RIU BESOS
960;PG;RIU CANALETAS
6606;CA;RIU CINCA
1815;PG;RIU CORB
8872;CA;RIU EBRE
6580;CA;RIU ESSERA
6590;PL;RIU FLAMISELL
8867;CA;RIU FRANCOLI
5175;CA;RIU GARONA
7960;CA;RIU LLOBREGAT
6604;CA;RIU SIO
2350;CA;RIU TER
6655;JA;ROC PIFARRE
6645;CA;ROCA I LLETJOS
6610;CA;ROCA LABRADOR
8923;CA;RODA D'ISABENA
6620;CA;ROGER DE LLURIA
6625;CA;ROMANI
6450;CA;RONDA - RAIMAT
8318;CA;RONDA DE LA TERRA
6635;CA;RONDA LA SEU VELLA
6630;CA;RONDA SANT MARTI
150;AV;ROSA PARKS
6615;PL;ROSA SENSAT
6640;CA;ROSARI
6690;CA;ROSSINYOL
5605;CA;ROURE
6660;PD;RUFEA
8717;CA;S
6825;CA;S.SEGUI 'EL NOI DEL SUCRE'
5150;CA;SABADELL
6800;PL;SAGRADA FAMILIA
2880;CA;SALMERON
6710;CA;SALOU
8600;CA;SALVADOR ESPRIU
5325;CA;SALZE
6720;CA;SAMUEL GILI I GAYA
7240;CA;SANS I RIBES
6810;CA;SANT AGUSTI
1250;CA;SANT ANASTASI
1255;PQ;SANT ANASTASI - LLIVIA
6830;CA;SANT ANDREU
6840;CA;SANT ANTONI
7773;CA;SANT ANTONI - SUCHS
6850;PL;SANT ANTONI MARIA CLARET
6860;CA;SANT CARLES
6865;CA;SANT CRIST
6870;CA;SANT CRISTOFOL
7360;CA;SANT DOMENEC
6880;PL;SANT FRANCESC
7772;CA;SANT FRANCESC - SUCHS
6900;CA;SANT FRANCESC DE SALES
6890;CA;SANT FRANCESC XAVIER
6891;TR;SANT FRANCESC XAVIER
6930;CA;SANT HILARI
6940;CA;SANT IGNASI DE LOIOLA
6960;CA;SANT ISIDRE
6965;CA;SANT ISIDRE LLAURADOR
7750;CA;SANT ISIDRE LLAURADOR - SUCHS
6970;CA;SANT JAUME
6980;PG;SANT JERONI
7040;CA;SANT JOAN
2340;PL;SANT JOAN
7050;CA;SANT JOAN BAPTISTA
7060;CA;SANT JOAN DE MATA
6990;PG;SANT JORDI
7000;PL;SANT JORDI
65;TR;SANT JORDI
7760;CA;SANT JORDI - SUCHS
7765;TR;SANT JORDI - SUCHS
7020;PL;SANT JOSEP
7030;CA;SANT JOSEP OBRER
7070;PD;SANT JUST
7100;CA;SANT LLEIR
7080;PL;SANT LLORENÇ
7090;CA;SANT LLUIS GONZAGA
7110;CA;SANT MARTI
7130;CA;SANT PASCUAL BAILON
7120;CA;SANT PAU
7140;CA;SANT PAULI DE NOLA
7150;AV;SANT PERE
7160;PL;SANT PERE
7170;CA;SANT PERE CLAVER
7180;CA;SANT PERE NOLASC
7190;CA;SANT RAMON
7200;CA;SANT ROC
7205;PG;SANT ROC
7210;AV;SANT RUF
7220;CA;SANT SALVADOR
7230;CA;SANT VICENC DE PAUL
7245;PG;SANTA ANNA
7250;CA;SANTA CECILIA
7255;PQ;SANTA CECILIA
7260;CA;SANTA COLOMA
7270;CA;SANTA FE
7280;PG;SANTA ISABEL
7290;CA;SANTA LLUCIA
7320;GR;SANTA MARIA DE GARDENY
7330;PL;SANTA MARIA MAGDALENA
1650;CA;SANTA MARTA
7340;CA;SANTA TERESA DE JESUS
6730;PG;SANTANDER
7370;CA;SAPORTA
7380;CA;SARACIBAR
8800;CA;SARAGOSSA
8810;CT;SARAGOSSA
8790;CA;SARROCA
7400;CA;SATURN
7410;CA;SCALA DEI
7415;CA;SEBASTIA GRACIA
7430;CA;SEGARRA
7470;PS;SEGON PASSEIG DE RONDA
7440;CA;SEGOVIA
7450;AV;SEGRE
7460;CA;SEGRIA
7465;PG;SEGRIA
7480;CA;SEMINARI
7490;PL;SEMINARI
7495;TR;SEQUIA MAJOR
7530;CA;SERRA D'ALMENARA
7540;CA;SERRA DE PRADES
7550;CA;SERRA DEL CADI
7555;CA;SERRA DEL COSCOLLAR
7560;CA;SERRA DEL MONTSEC
7565;CA;SERRA NEVADA
7510;PD;SERRALONGA
7515;CA;SERRANIA DE RONDA
7500;CA;SEU VELLA E.POBLACIO
7518;CA;SEVILLA
7520;CA;SICORIS
7570;CA;SIFO
8210;CA;SIMEO MIQUEL
5355;CA;SIMONE DE BEAUVOIR
7580;PL;SOCIAL
7800;CA;SOL
7590;CA;SOLDEVILA
7420;CA;SOLIDARITAT
7600;CA;SOLSONA
7601;PD;SOT DE FONTANET
7628;CA;SUCHS
7770;CA;SUCHS - SUQUETS
7790;CA;SUDANELL
5160;CA;SUNYER
7769;CA;SUQUETS - SUCHS
6130;PD;SUQUETS BAIX
8718;CA;T
7900;CA;TALLADA
7910;CA;TAMARIT DE LLITERA
6395;CA;TANCAT - RAIMAT
7920;CA;TAQUIGRAF MARTI
7930;CA;TARRAGONA
7935;CT;TARRAGONA
7950;CA;TEMPLERS
7955;CA;TERESA PAMIES
2990;PD;TERME DE GREALO
8105;CA;TERMENS
7980;CA;TEROL
5145;CA;TERRASSA
7940;CA;TEULERIES
5600;CA;TIL.LER
8000;CA;TIMBALERS
8015;PL;TIURANA
8005;PG;TOLEDO
8014;CA;TON SIRERA
8030;PL;TORRE ABIZANDA
8025;CA;TORRE GILABERT - LLIVIA
8075;PS;TORRE PATRIOT
8200;AV;TORRE SALSES
8035;AV;TORRE VICENS
8023;CT;TORREFARRERA
8024;CA;TORREGROSSA
8045;CA;TORRELAMEU
4210;CA;TORRES DE SANUI
8040;PD;TORRES DE SANUI
8050;CA;TORRES DE SEGRE
8020;AV;TORTOSA
4428;CA;TOSSAL STA.FE - LLIVIA
8066;PL;TRAGO DE NOGUERA
8070;CA;TRANSFORMADOR
6452;CA;TRAVESSERA DE L'ESTACIO-RAIMAT
8060;PL;TREBALL
8085;CA;TREMP
2140;PL;TRETZE ROSES
8095;CA;TRIANA
8100;CA;TRINITARIS
5320;CA;TUIA
8315;PL;TURO DE GARDENY
8110;CA;TURULL
8721;CA;U
8220;CA;UNIO
8230;CA;UNIVERSITAT
7810;CA;URA
8235;UR;URBAN.FUNDACIO FELIP
8236;UR;URBAN.LLEIDA PARK
6460;CA;URGELL - RAIMAT
1805;PL;UTXESA
8719;CA;V
8340;AV;VALENCIA
6405;CA;VALENCIA - RAIMAT
3300;CA;VALENTI ALMIRALL
8362;CA;VALL D'ANEU
5165;CA;VALL D'ASSUA
8366;PG;VALL D'ISIL
8364;CA;VALL DE BOI
5155;CA;VALL DE CABO
8363;PG;VALL DE CARDOS
8367;CA;VALL FERRERA
5170;CA;VALL FOSCA
8345;CA;VALLADOLID
8350;CA;VALLCALENT
8360;PD;VALLCALENT
6415;CA;VALLES - RAIMAT
8115;CA;VALLFOGONA DE BALAGUER
8225;CA;VALLS
3200;CA;VALLS D'ANDORRA
8370;CA;VEGUER CARCASSONA
8245;CA;VENDRELL
8380;CA;VENUS
4438;CA;VERDEROL - LLIVIA
8440;CA;VERGE BLANCA
8441;TR;VERGE BLANCA
8450;CA;VERGE DE BEGONYA
8500;CA;VERGE DE LA SALUT
8470;CA;VERGE DE MONTSERRAT
6400;CA;VERGE DE MONTSERRAT - RAIMAT
8480;CA;VERGE DE NURIA
8481;TR;VERGE DE NURIA
8387;CA;VERGE DEL BLAU
8490;CA;VERGE DEL PILAR
8460;CA;VERGE DELS DESEMPARATS
8510;CA;VESCOMTE ARNAU
2392;CA;VESSADOR
5140;CA;VIC
8385;CA;VICENÇ XIMENEZ
5305;PL;VICTIMES DEL TERRORISME
8375;PL;VICTOR MATEU I MOLES
8560;PL;VICTOR SIURANA
8555;AV;VICTOR TORRES
8540;CA;VICTORIA KENT
8165;AV;VICTORIANO MUÑOZ
5310;PL;VICTORINA VILA
8410;CA;VIDAL I CODINA
4770;CA;VILA ANTONIA
8420;CA;VILA DE FOIX
4775;TR;VILA MONTCADA
925;CA;VILA-RODONA
8240;CA;VILA-SECA
8565;CA;VILALLER
4785;CA;VILANOVA DE FONTANET
5755;CA;VILANOVA DE LA BARCA
7640;CA;VILOT - SUCHS
7645;TR;VILOT - SUCHS
8630;CA;VIMBODI
8640;CA;VINAIXA
8430;PD;VINATESA TERME RURAL
8595;CA;VINYA - RAIMAT
8435;CA;VIOLANT D'HONGRIA
115;CA;VIRGINIA WOOLF
8530;CA;VITORIA
8545;PL;VOLUNTARIAT
3210;GR;VORAVIA
8400;PL;WIFRED I
8550;CA;XAVIER PUIG ANDREU
8515;CA;XILE
8520;PG;XOPERA
8535;CA;YEHUDI MENUHIN
8720;CA;Z
8525;JA;ZOE ROSINACH
6035;JA;1R. DE MAIG
